﻿<?xml version="1.0"?>
<?mso-application progid="Excel.Sheet"?>
<Workbook xmlns="urn:schemas-microsoft-com:office:spreadsheet"
 xmlns:o="urn:schemas-microsoft-com:office:office"
 xmlns:x="urn:schemas-microsoft-com:office:excel"
 xmlns:ss="urn:schemas-microsoft-com:office:spreadsheet"
 xmlns:html="http://www.w3.org/TR/REC-html40">
 <DocumentProperties xmlns="urn:schemas-microsoft-com:office:office">
  <Author>InstantAtlas™ Server</Author>
  <LastAuthor>Microsoft Office User</LastAuthor>
  <Created>2019-06-24T17:14:30Z</Created>
  <LastSaved>2019-06-24T17:04:20Z</LastSaved>
  <Version>16.00</Version>
 </DocumentProperties>
 <OfficeDocumentSettings xmlns="urn:schemas-microsoft-com:office:office">
  <AllowPNG/>
 </OfficeDocumentSettings>
 <ExcelWorkbook xmlns="urn:schemas-microsoft-com:office:excel">
  <WindowHeight>16940</WindowHeight>
  <WindowWidth>27640</WindowWidth>
  <WindowTopX>15180</WindowTopX>
  <WindowTopY>7760</WindowTopY>
  <ProtectStructure>False</ProtectStructure>
  <ProtectWindows>False</ProtectWindows>
 </ExcelWorkbook>
 <Styles>
  <Style ss:ID="Default" ss:Name="Normal">
   <Alignment ss:Vertical="Bottom"/>
   <Borders/>
   <Font ss:FontName="Calibri" x:Family="Swiss" ss:Size="12" ss:Color="#000000"/>
   <Interior/>
   <NumberFormat/>
   <Protection/>
  </Style>
  <Style ss:ID="s62">
   <Alignment ss:Vertical="Bottom"/>
   <Borders/>
   <Font ss:FontName="Verdana" x:Family="Swiss" ss:Size="8"/>
   <Interior/>
   <NumberFormat/>
   <Protection/>
  </Style>
  <Style ss:ID="s64">
   <Alignment ss:Horizontal="Center" ss:Vertical="Bottom"/>
   <Borders>
    <Border ss:Position="Bottom" ss:LineStyle="Continuous" ss:Weight="1"/>
    <Border ss:Position="Left" ss:LineStyle="Continuous" ss:Weight="1"/>
    <Border ss:Position="Right" ss:LineStyle="Continuous" ss:Weight="1"/>
   </Borders>
   <Font ss:FontName="Verdana" x:Family="Swiss" ss:Size="8" ss:Bold="1"/>
   <Interior ss:Color="#C0C0C0" ss:Pattern="Solid"/>
   <NumberFormat/>
   <Protection/>
  </Style>
  <Style ss:ID="s77">
   <Alignment ss:Vertical="Bottom"/>
   <Borders/>
   <Font ss:FontName="Verdana" x:Family="Swiss" ss:Size="8"/>
   <Interior/>
   <NumberFormat ss:Format="0.0"/>
   <Protection/>
  </Style>
  <Style ss:ID="s80">
   <Font ss:FontName="Verdana" x:Family="Swiss" ss:Size="8"/>
  </Style>
 </Styles>
 <Worksheet ss:Name="Flu Seasonal Trend 17-18 Data">
  <Table ss:ExpandedColumnCount="6" ss:ExpandedRowCount="13" x:FullColumns="1"
   x:FullRows="1" ss:StyleID="s62" ss:DefaultColumnWidth="65"
   ss:DefaultRowHeight="11">
   <Column ss:Index="2" ss:StyleID="s62" ss:Width="130"/>
   <Column ss:StyleID="s62" ss:Width="100"/>
   <Column ss:StyleID="s62" ss:Width="90"/>
   <Column ss:StyleID="s62" ss:Width="95"/>
   <Row ss:Index="5">
    <Cell><Data ss:Type="String">Season </Data></Cell>
    <Cell><Data ss:Type="String">% VACCINATION ≥6 MONTHS</Data></Cell>
    <Cell><Data ss:Type="String">≥6 MONTHS - 4 YEARS</Data></Cell>
    <Cell><Data ss:Type="String">5 YEARS - 12 YEARS</Data></Cell>
    <Cell><Data ss:Type="String">13 YEARS - 17 YEARS</Data></Cell>
    <Cell><Data ss:Type="String">≥18 YEARS</Data></Cell>
   </Row>
   <Row>
    <Cell><Data ss:Type="String">2012-2011</Data></Cell>
    <Cell ss:StyleID="s77"><Data ss:Type="Number">49.5</Data></Cell>
    <Cell ss:StyleID="s77"><Data ss:Type="Number">80.400000000000006</Data></Cell>
    <Cell><Data ss:Type="Number">64.900000000000006</Data></Cell>
    <Cell><Data ss:Type="Number">46.8</Data></Cell>
    <Cell><Data ss:Type="Number">45.8</Data></Cell>
   </Row>
   <Row>
    <Cell><Data ss:Type="String">2011-2012</Data></Cell>
    <Cell ss:StyleID="s77"><Data ss:Type="Number">48</Data></Cell>
    <Cell ss:StyleID="s77"><Data ss:Type="Number">80.3</Data></Cell>
    <Cell><Data ss:Type="Number">72.599999999999994</Data></Cell>
    <Cell><Data ss:Type="Number">40</Data></Cell>
    <Cell><Data ss:Type="Number">44.2</Data></Cell>
   </Row>
   <Row>
    <Cell><Data ss:Type="String">2012-2013</Data></Cell>
    <Cell ss:StyleID="s77"><Data ss:Type="Number">52.9</Data></Cell>
    <Cell ss:StyleID="s77"><Data ss:Type="Number">81.900000000000006</Data></Cell>
    <Cell><Data ss:Type="Number">72.8</Data></Cell>
    <Cell><Data ss:Type="Number">58.8</Data></Cell>
    <Cell><Data ss:Type="Number">48.3</Data></Cell>
   </Row>
   <Row>
    <Cell><Data ss:Type="String">2013-2014</Data></Cell>
    <Cell ss:StyleID="s77"><Data ss:Type="Number">52</Data></Cell>
    <Cell ss:StyleID="s77"><Data ss:Type="Number">84.1</Data></Cell>
    <Cell><Data ss:Type="Number">70.8</Data></Cell>
    <Cell><Data ss:Type="Number">57.1</Data></Cell>
    <Cell><Data ss:Type="Number">47.5</Data></Cell>
   </Row>
   <Row>
    <Cell><Data ss:Type="String">2014-2015</Data></Cell>
    <Cell ss:StyleID="s77"><Data ss:Type="Number">53.7</Data></Cell>
    <Cell ss:StyleID="s77"><Data ss:Type="Number">80.3</Data></Cell>
    <Cell><Data ss:Type="Number">73.8</Data></Cell>
    <Cell><Data ss:Type="Number">61.8</Data></Cell>
    <Cell><Data ss:Type="Number">49.2</Data></Cell>
   </Row>
   <Row>
    <Cell><Data ss:Type="String">2015-2016</Data></Cell>
    <Cell ss:StyleID="s77"><Data ss:Type="Number">51.3</Data></Cell>
    <Cell ss:StyleID="s77"><Data ss:Type="Number">82.8</Data></Cell>
    <Cell><Data ss:Type="Number">73.900000000000006</Data></Cell>
    <Cell><Data ss:Type="Number">59.6</Data></Cell>
    <Cell ss:StyleID="s77"><Data ss:Type="Number">46.2</Data></Cell>
   </Row>
   <Row>
    <Cell><Data ss:Type="String">2016-2017</Data></Cell>
    <Cell ss:StyleID="s77"><Data ss:Type="Number">51.1</Data></Cell>
    <Cell ss:StyleID="s77"><Data ss:Type="Number">80</Data></Cell>
    <Cell><Data ss:Type="Number">70.3</Data></Cell>
    <Cell><Data ss:Type="Number">60</Data></Cell>
    <Cell><Data ss:Type="Number">46.6</Data></Cell>
   </Row>
   <Row>
    <Cell><Data ss:Type="String">2017-2018</Data></Cell>
    <Cell ss:StyleID="s77"><Data ss:Type="Number">47.4</Data></Cell>
    <Cell ss:StyleID="s77"><Data ss:Type="Number">76.599999999999994</Data></Cell>
    <Cell><Data ss:Type="Number">72.599999999999994</Data></Cell>
    <Cell ss:StyleID="s80"><Data ss:Type="Number">64</Data></Cell>
    <Cell><Data ss:Type="Number">41.6</Data></Cell>
   </Row>
  </Table>
  <WorksheetOptions xmlns="urn:schemas-microsoft-com:office:excel">
   <Zoom>150</Zoom>
   <Selected/>
   <ProtectObjects>False</ProtectObjects>
   <ProtectScenarios>False</ProtectScenarios>
  </WorksheetOptions>
 </Worksheet>
 <Worksheet ss:Name="Data Notes &amp; Footnotes">
  <Table ss:ExpandedColumnCount="4" ss:ExpandedRowCount="2" x:FullColumns="1"
   x:FullRows="1" ss:StyleID="s62" ss:DefaultColumnWidth="65"
   ss:DefaultRowHeight="11">
   <Row>
    <Cell ss:StyleID="s64"><Data ss:Type="String">ElementType</Data></Cell>
    <Cell ss:StyleID="s64"><Data ss:Type="String">Element</Data></Cell>
    <Cell ss:StyleID="s64"><Data ss:Type="String">MetadataElement</Data></Cell>
    <Cell ss:StyleID="s64"><Data ss:Type="String">Value</Data></Cell>
   </Row>
   <Row>
    <Cell><Data ss:Type="String">Abbreviations:CI = 95% confidence interval; NA = not applicable; NR = not reported; HP 2020 target = Healthy People 2020 coverage levels established to reduce the burden of vaccine preventable diseases.Data Notes:▪  % = weighted percent of population vaccinated. Percentages are weighted to the U.S. population. Month of vaccination was imputed for respondents with missing month of vaccination data.▪  Coverage estimates are for persons interviewed September through June (before the 2012-13 season) or September (BRFSS) and October (NIS-Flu) through June (2012-13 season through present) who reported being vaccinated August through May (before the 2012-13 season) or July through May (2012-13 season through present). National estimates exclude U.S. territories.▪  Selected high-risk conditions include asthma, diabetes, or heart disease (before the 2013-14 season) or asthma, diabetes, heart disease, chronic obstructive pulmonary disease, or cancers other than skin cancer (2013-14 season through present).▪  Race/ethnicity is based on parental or self-report. Persons of Hispanic ethnicity may be of any race.  Persons categorized as white, black, or other or multiple races were identified as non-Hispanic. The other or multiple races category included persons reporting Asian, American Indian and Alaska Native, Native Hawaiian or other Pacific Islander, other, or multiple races. Persons identified as multiple races in the other or multiple races category had more than one race category selected.▪  Estimates are not available for the entire 2013-14 influenza season from California and Mississippi. In 2014, BRFSS calls in California did not start until mid-July, and interview data from January-June 2014 are needed to estimate influenza vaccination coverage during December 2013-May 2014. In April through June 2014, BRFSS data for Mississippi included too few completed interviews to produce reliable estimates of vaccinations during March through May.▪  Estimates are not available for the entire 2017-18 influenza season from the District of Columbia. In 2018, BRFSS calls in the District of Columbia did not start until June, and interview data from January-June 2018 are needed to estimate influenza vaccination coverage during December 2017-May 2018.  Footnotes:*  Estimates not reliable because sample size is &amp;lt;30.†  Estimates not reliable because relative standard error is &gt;0.3.0.3.‡  Estimates might not be reliable because confidence interval half-width is &gt;10.10.</Data></Cell>
   </Row>
  </Table>
  <WorksheetOptions xmlns="urn:schemas-microsoft-com:office:excel">
   <ProtectObjects>False</ProtectObjects>
   <ProtectScenarios>False</ProtectScenarios>
  </WorksheetOptions>
 </Worksheet>
</Workbook>
